{
  "run_id": "finetune_A_68c2ec38",
  "val_accuracy": 0.9341061622940817,
  "f1_macro": 0.9331489395855315,
  "per_class_f1": {
    "vidrio": 0.9587912087912088,
    "plastico": 0.9187145557655955,
    "metal": 0.9056603773584906,
    "papel": 0.9161290322580645,
    "organico": 0.9880668257756563,
    "carton": 0.9069212410501193,
    "no_reciclable": 0.9377593360995851
  },
  "timestamp": "2026-03-19 14:53"
}