{
  "run_id": "finetune_B_a462064b",
  "val_accuracy": 0.9365466748017084,
  "f1_macro": 0.9362086293791275,
  "per_class_f1": {
    "vidrio": 0.9573590096286108,
    "plastico": 0.9207547169811321,
    "metal": 0.9152542372881356,
    "papel": 0.9181034482758621,
    "organico": 0.9881235154394299,
    "carton": 0.9073634204275535,
    "no_reciclable": 0.9465020576131687
  },
  "timestamp": "2026-03-19 15:10"
}